observation_id,operation,category,dtype,optimization,status,max_abs,max_rel,regression
1d124a0942871adc9fee3d9ac0e3a740092e6ede01f33a61ef001360f1a2c6ce,CosineSimilarity,metrics,float16,all,pass,0.0,0.0,not_assessed
89f0536d1ad097f404809a854bda6dd1216c091018715bb8dfb55db893fc06dd,CosineSimilarity,metrics,float16,disabled,pass,0.0,0.0,not_assessed
83e1a7450a8ffe78c5cdd930d7938f1819395c18b18a801545de36e181298358,CosineSimilarity,metrics,float32,all,pass,1.1920928955078125e-07,1.1920995746469508e-07,not_assessed
65558486cf0b696980f0cd378b843f3a399f7a048dc28f38eb45156bd962b8cd,CosineSimilarity,metrics,float32,disabled,pass,1.1920928955078125e-07,1.1920995746469508e-07,not_assessed
405021199b6febe4c96c84002b91ba0d30a6959f7d1dcd2d31a2594af59994ab,CosineSimilarity,metrics,float64,all,pass,0.0,0.0,not_assessed
2a8872cfc76516ad78f979a0efd3d54401f9b0b61ac9e52bfe4bfe7ae300665d,CosineSimilarity,metrics,float64,disabled,pass,0.0,0.0,not_assessed
4b9b8220b7881adb95f9b8acf63bd3e4ae97efa96a07c9aeb19f42357cff6e65,CosineSimilarity,metrics,float16,all,divergence,,,not_assessed
5c99cf17923b409ff6684d06115ce5744353d9ca43992ff8bf2f0f4574a15eff,CosineSimilarity,metrics,float16,disabled,divergence,,,not_assessed
d21ab7802782f2e1e951d9605d0c0da645bc12c6cf75fc27efdbc45e1aabcb46,CosineSimilarity,metrics,float32,all,pass,1.1920928955078125e-07,1.1920928955078125e-07,not_assessed
e8e639e38853be7732da24edacc68b1976b19b28820a4eeffe82916d832867e4,CosineSimilarity,metrics,float32,disabled,pass,1.1920928955078125e-07,1.1920928955078125e-07,not_assessed
b430d85678102d9cbc9382f6877b06227869ca55c565c727d6efe07f955ac1c8,CosineSimilarity,metrics,float64,all,pass,0.0,0.0,not_assessed
99dd374ed7203fd34a75cbc4d31a3119fa45ed804753947f4890244032defb37,CosineSimilarity,metrics,float64,disabled,pass,0.0,0.0,not_assessed
6979e9101da47bd0cba2d697b40271acf3dfa360cb8836e15b539b0fecf378d4,CosineSimilarity,metrics,float16,all,pass,0.00048828125,0.0004885197850512946,not_assessed
b6d9bd2233cedf740effc7b7e3c5ca341231f888cae0bfe4432c361ab6e09b0d,CosineSimilarity,metrics,float16,disabled,pass,0.00048828125,0.0004885197850512946,not_assessed
e11bd5ba03b63e747c246437784cd330d88b0c17cc5b08c3dfa6e925ffd27992,CosineSimilarity,metrics,float32,all,pass,1.1920928955078125e-07,1.192183496591935e-07,not_assessed
96547245b28b0559a9eb4e299a0cf6224180396f5a8790ef723fb331621f1d3f,CosineSimilarity,metrics,float32,disabled,pass,1.1920928955078125e-07,1.192183496591935e-07,not_assessed
7c9df42059c89a428c92cc81e60ba4ca5da987daf73bfeac5045ce10e2a6f596,CosineSimilarity,metrics,float64,all,pass,3.3306690738754696e-16,3.3308006919133703e-16,not_assessed
c76f9369d81c49e219e237791b4a985bf4bf38720b94062dfea1bc07162652f6,CosineSimilarity,metrics,float64,disabled,pass,3.3306690738754696e-16,3.3308006919133703e-16,not_assessed
48d360672bc021fcb8e33487cf9f850655b64aaf21e3ca25ae9ad34439cab7d0,CosineSimilarity,metrics,float32,all,pass,5.960464477539063e-08,1.1892693652298548e-07,not_assessed
5fdf33673428673dd73318da05603e4b4bcf0678778d1d736d9123484ec06c6e,CosineSimilarity,metrics,float32,disabled,pass,5.960464477539063e-08,1.1892693652298548e-07,not_assessed
5a55e2b9bcf5254fdd41980df80261abf9d8e265ec062a32b46ee57f03f9413f,CosineSimilarity,metrics,float32,all,pass,1.4901161193847656e-08,4.992020670959194e-07,not_assessed
c3ebc10623daa2e63b73ce532f30dd4b7b636b67c2afea646a8c59e273f95f2a,CosineSimilarity,metrics,float32,disabled,pass,1.4901161193847656e-08,4.992020670959194e-07,not_assessed
20ba41a8d2d21de61d49a3c22b72d82b8c06169b73eb3a5d1fd73d3b4b7864af,CosineSimilarity,metrics,float32,all,pass,1.4901161193847656e-08,1.4304164103092256e-06,not_assessed
1c657b5ac4484a89fb459678155007e73af787e0cbf91a562b1017af6eeb24c0,CosineSimilarity,metrics,float32,disabled,pass,1.4901161193847656e-08,1.4304164103092256e-06,not_assessed
d36ef9b045fd03462eb8468d6edfed45e49527b6c07d4989b4d79fb5a4ecf13b,CosineSimilarity,metrics,float16,all,divergence,1.9234619140625,0.9343572106261859,not_assessed
f4014f1cd63164522100d26f263c3d7355878f1424e703c40b8da199c80f2423,CosineSimilarity,metrics,float16,disabled,divergence,1.9234619140625,0.9343572106261859,not_assessed
2218e5d8ffcab9f8a915138cb57d7ec9f1f95b0a716daa612fcbd89826f52460,CosineSimilarity,metrics,float32,all,pass,2.9802322387695312e-08,2.2418327790028148e-07,not_assessed
4ff7f0288bb451614fab63421adf1105434f67cfd1d3f4505a854f9a8f850f40,CosineSimilarity,metrics,float32,disabled,pass,2.9802322387695312e-08,2.2418327790028148e-07,not_assessed
a485700642f970ab64a48daeeb49490cef7c5b0d1067e9ead3579e1de1196563,CosineSimilarity,metrics,float64,all,pass,5.551115123125783e-17,2.6568040346172733e-16,not_assessed
368d40cb3ec6807c1c9fae979413f27e09c6684bb71c9224f5c7cc64548c634f,CosineSimilarity,metrics,float64,disabled,pass,5.551115123125783e-17,2.6568040346172733e-16,not_assessed
ec2702489b4f82975c92aebdf03d8d9ddd6afc7056132256f1455c9aa27d6d5b,CosineSimilarity,metrics,float16,all,pass,0.0009765625,0.000975609756097561,not_assessed
31289ee17a4550c488dcb416ffa1110304895f4c61e977a7e3c9d949a2d8c526,CosineSimilarity,metrics,float16,disabled,pass,0.0009765625,0.000975609756097561,not_assessed
d7ed6c84d0522b1a5c48db7d96a68a595aa71bea8703fb124f6d7edec8506e9e,CosineSimilarity,metrics,float32,all,pass,1.1920928955078125e-07,1.1921613247010522e-07,not_assessed
4a3e17685962c43ba6304d92b6215b4f3f4081d5d764198a7c3f4924240f66ca,CosineSimilarity,metrics,float32,disabled,pass,1.1920928955078125e-07,1.1921613247010522e-07,not_assessed
4f824e934f3476dd791743b671b2252c70684ed894db9d31f235196911be2fca,CosineSimilarity,metrics,float64,all,pass,2.220446049250313e-16,2.2205559871577745e-16,not_assessed
88a78706fd30c90c9f925fdd24a40b4ef42380ebc004d7ad311c0fecc973a1ac,CosineSimilarity,metrics,float64,disabled,pass,2.220446049250313e-16,2.2205559871577745e-16,not_assessed
ce679f1ef74155541e0f9b83ea22197056d5b46ec8ab823246800c5b28715e88,DequantizeLinear,quantization,int8,all,pass,0.0,0.0,not_assessed
ffbdaa0eb252f543cc3f18ebbcc2dc1ab3e87acfd8919e3dc4a5158149007f25,DequantizeLinear,quantization,int8,disabled,pass,0.0,0.0,not_assessed
0e1c9eaa9fe725a53bbeea898fbc48a73bbc3212d5f885d19c6f57ab1c31eba4,DequantizeLinear,quantization,uint8,all,pass,0.0,0.0,not_assessed
a5d0bdd854d86a10ef1f6993b87d5e793b864f7311a3828951518a74cdf7cc34,DequantizeLinear,quantization,uint8,disabled,pass,0.0,0.0,not_assessed
1d5830b1b447fb818138fb3d0c983acbd583a094bd58cee57553c3fd1f57cac4,DequantizeLinear,quantization,int8,all,pass,0.0,0.0,not_assessed
80baa9543eb515d4f8500ff93cffdc4162a5fbb8e41c5cc171f99a17c48113b0,DequantizeLinear,quantization,int8,disabled,pass,0.0,0.0,not_assessed
4ac3573be87be4a9bace667356a02c02b161f409756bae543f14c769a1996dd9,DequantizeLinear,quantization,uint8,all,pass,0.0,0.0,not_assessed
3961b0ff41f39e77f66e868bf92c2a79ed1db30a767e23f185f73ab971598251,DequantizeLinear,quantization,uint8,disabled,pass,0.0,0.0,not_assessed
a0ca68f92de4e488c2b09aafd0cdf17651b9c79fcc1a5bb3035bc7832eb43349,LayerNormalization,normalization,float32,all,pass,0.0,0.0,not_assessed
ca42778decd926c61aab7f3b3464a41568b243c928da99bd6903112eb5aff0fb,LayerNormalization,normalization,float32,disabled,pass,0.0,0.0,not_assessed
8206d24d72ae070f3bb72dcacf4d0ebdae45cb31291fed086a39c4b2e92b0ac5,LayerNormalization,normalization,float32,all,divergence,2.307088240981102,0.9677868706155122,not_assessed
575b366c04dcfa62a4fa54c49aa68e6df2691ca603fcc7fdc6492dc98d66fe2c,LayerNormalization,normalization,float32,disabled,divergence,2.307088240981102,0.9677868706155122,not_assessed
cd64e61d1577f171e0350dd8bf26cefad67466461444764757829df92c10f6e6,LayerNormalization,normalization,float32,all,pass,2.384185791015625e-07,1.886284285677263e-06,not_assessed
62ab26522efad2393a10219f22ac9da021a08bbe7727c776bbdf59cd98287497,LayerNormalization,normalization,float32,disabled,pass,2.384185791015625e-07,1.886284285677263e-06,not_assessed
6801cd9914b32dd5ce8bbae833c8537607bf4e99e834282d36bd4719d46affd1,LayerNormalization,normalization,float32,all,pass,4.76837158203125e-07,0.0005574756193776393,not_assessed
8a8ec2daccb7f2a2631ab966d45ed0183d082a9305300868f7eceea90e719024,LayerNormalization,normalization,float32,disabled,pass,4.76837158203125e-07,0.0005574756193776393,not_assessed
1d16b7488761fc134c91ed47653c275f63d7cdc8837290d46b8983ed6faab3c0,LayerNormalization,normalization,float32,all,pass,2.384185791015625e-07,2.510956378804888e-06,not_assessed
43ff7e3c0acef5ae9afdc9d28f5911798cc90e9f60945a88446b291d4258d111,LayerNormalization,normalization,float32,disabled,pass,2.384185791015625e-07,2.510956378804888e-06,not_assessed
6dfba5ef22d0737d67ec5a7f766344865bcebebf4e4fcfddb2e5836c90810350,LayerNormalization,normalization,float32,all,pass,3.5762786865234375e-07,1.8070714987652866e-05,not_assessed
5b046810f4160e7282cd97854475d77828b25ee532dd7d4580c3ca1130408c36,LayerNormalization,normalization,float32,disabled,pass,3.5762786865234375e-07,1.8070714987652866e-05,not_assessed
29fe0e107d048edacdb54efd29ad0d106428f73bd56761bbf2a426fb291ba141,LayerNormalization,normalization,float32,all,pass,7.450580596923828e-09,8.011087986660577e-07,not_assessed
4fad27efad4e549167f0b955ca6b2bd673e33da8e21fa5fd4d56a22311f49a2e,LayerNormalization,normalization,float32,disabled,pass,7.450580596923828e-09,8.011087986660577e-07,not_assessed
f75d33a4e8676924236867860872441e152a7fa2ffa0829cde7b5893d0cb8163,LayerNormalization,normalization,float32,all,pass,2.384185791015625e-07,3.112651830535951e-06,not_assessed
5b9181aad2dfe6bf366b3fb76e3341a625170b0b385de5f5d7cb7eb6f6e72a38,LayerNormalization,normalization,float32,disabled,pass,2.384185791015625e-07,3.112651830535951e-06,not_assessed
ba9fb2d486406957d5ba8fb86555e3ea6db549376e6115ede77b5eb623d238d5,LogSoftmax,softmax,float16,all,pass,0.001953125,0.000689655172413793,not_assessed
e82e3eb4886d3d1a2db51244a7fb16d31869cf65c4bb71f3f684eec5a7e57970,LogSoftmax,softmax,float16,disabled,pass,0.001953125,0.000689655172413793,not_assessed
d23cd7a0ed75f5fed8a55019d8b31869eda413ae9a1db9d80374073b3cc9fb6a,LogSoftmax,softmax,float32,all,pass,0.0,0.0,not_assessed
2ba076747fa544bbea574a7a38a8115274a92eec9c464e30b05aebf7cc56b92e,LogSoftmax,softmax,float32,disabled,pass,0.0,0.0,not_assessed
0253ae823c2a1741c2186984179c7700ffd05abe1e217fe5cf0dd3321378fb5d,LogSoftmax,softmax,float64,all,pass,0.0,0.0,not_assessed
e4eda433c47988c7d06d92d7bf08bdf3ffc31291965e8ea7d71c19572d6e74c9,LogSoftmax,softmax,float64,disabled,pass,0.0,0.0,not_assessed
c7a4552d3ab02a035503e6fd956d8a3348663d1b5e6c251f38b92e3cf046b3b8,LogSoftmax,softmax,float16,all,pass,0.001953125,0.0006968641114982578,not_assessed
6db01999d9c9c12b2b730925bd45430d7bf571b0931c07fc42bc4eeec8d315fe,LogSoftmax,softmax,float16,disabled,pass,0.001953125,0.0006968641114982578,not_assessed
033f524e3c6bc68ddb2987a6c65f48a164d4616cc6c5ff33a4ce3fbfdaef493f,LogSoftmax,softmax,float32,all,pass,2.384185791015625e-07,8.884653475858575e-08,not_assessed
bf25604aeaca4f97f1f1c611210c76246d760ab7581dfcdd99fb5101bb416d35,LogSoftmax,softmax,float32,disabled,pass,2.384185791015625e-07,8.884653475858575e-08,not_assessed
d0c74fbf74e25c923b5d9889c3dbe030006a63d030fce2226f61125437bb0ba3,LogSoftmax,softmax,float64,all,pass,4.440892098500626e-16,1.6216579613217228e-16,not_assessed
dc7c13a654ffabf51869b9e3fec9a8549507cb4d87bbc9ca20e60a61bb01d436,LogSoftmax,softmax,float64,disabled,pass,4.440892098500626e-16,1.6216579613217228e-16,not_assessed
ade04741e3b9ac5c0a9b2d319b674e6ac03ddfec40d15466b3676471a76e863b,LogSoftmax,softmax,float16,all,pass,0.00390625,0.0009165902841429881,not_assessed
fe654a480f157fa79fbdc7a1cde304b1ec8fc2a7dd96af06ba2aa23b6e5cc624,LogSoftmax,softmax,float16,disabled,pass,0.00390625,0.0009165902841429881,not_assessed
39ee2bd932bb56e1b4aa7ce242d3f0b9705bc62290d25762452b543bbeb64a9e,LogSoftmax,softmax,float32,all,pass,4.76837158203125e-07,1.1779111042268751e-07,not_assessed
e4cf080c32d6b87601053983c5e23d9c81987b436b82be64697cd28f4a0b2047,LogSoftmax,softmax,float32,disabled,pass,4.76837158203125e-07,1.1779111042268751e-07,not_assessed
8af6c5c09dd1bc04b6e2ee98116bef3ab02c00427f7981907c87a04bd491af06,LogSoftmax,softmax,float64,all,pass,8.881784197001252e-16,2.2050742937458016e-16,not_assessed
81748235eb33a34124aad679391361848fb6eed683ceffae2bcbfb77f06341b9,LogSoftmax,softmax,float64,disabled,pass,8.881784197001252e-16,2.2050742937458016e-16,not_assessed
3d1c6c9c264c2d34bce826b3426b67510f559e241a51e936819e69a49e232079,LogSoftmax,softmax,float32,all,divergence,0.413299560546875,0.004001780013497845,not_assessed
d3324e1abed14a5da519d1cb8ecd4a9c069c763d106fbdb7ea8b9f5b769aca5b,LogSoftmax,softmax,float32,disabled,divergence,0.413299560546875,0.004001780013497845,not_assessed
ac1945c089b71366de04231a5ee08652ab97e970a0d233d10f7b0476f158ede0,LogSoftmax,softmax,float32,all,pass,3.814697265625e-06,4.8685764530473105e-06,not_assessed
fbe3199c8849a572056620d643b89066314c1f17b789b781423081f28027122e,LogSoftmax,softmax,float32,disabled,pass,3.814697265625e-06,4.8685764530473105e-06,not_assessed
c04c60b76d8d1938e64719d11a38f799fb8cec9c84c06c5bf47d51f64afd79a3,LogSoftmax,softmax,float32,all,pass,1.1920928955078125e-07,1.5998754912897658e-06,not_assessed
4eb8ee7680b16c8ac977198c1e32500a29c9e385a90815d62729056b64ce6edb,LogSoftmax,softmax,float32,disabled,pass,1.1920928955078125e-07,1.5998754912897658e-06,not_assessed
d6c38b46eddd6457259d7fde79c0b5a940b45607687c3e380e607fe64cafe61f,LogSoftmax,softmax,float32,all,divergence,0.2647857666015625,0.0025637926816151554,not_assessed
63adf2e7d5718be4ca91c4542b391b105b4feb221bd4666dbe388cfdce6ac322,LogSoftmax,softmax,float32,disabled,divergence,0.2647857666015625,0.0025637926816151554,not_assessed
45607fce55f7e62a40de2e47c5f13ab33b7c877ce009522b1309009c574f7a7f,LogSoftmax,softmax,float16,all,pass,0.001953125,0.000689655172413793,not_assessed
9707c15bf57511e89b62029df853a006d93da5fb33c9ccb1aa1649214f1594ba,LogSoftmax,softmax,float16,disabled,pass,0.001953125,0.000689655172413793,not_assessed
1f5a584010e69f50b2d66184294f1d7a576d4931d3c6c6b70573ebae9b00bf17,LogSoftmax,softmax,float32,all,pass,2.384185791015625e-07,8.415792672571299e-08,not_assessed
00e86822d67b24b8da835a66baee017433297f57e5808e50d3e2020a71644e86,LogSoftmax,softmax,float32,disabled,pass,2.384185791015625e-07,8.415792672571299e-08,not_assessed
e8282a67b5dc7fb8c304b04b351dee82e17969a281d43ba4e9c1389f36e4005d,LogSoftmax,softmax,float64,all,pass,4.440892098500626e-16,1.5675279509150392e-16,not_assessed
96037ea9ad8fa5d4a26e13b0f888992da06d6fe3acc530cb0bd9f6ae470ff1b9,LogSoftmax,softmax,float64,disabled,pass,4.440892098500626e-16,1.5675279509150392e-16,not_assessed
2755c1d1acafe07f84cad162ba29544aedd33e50af0d482c87561d2b0ece1362,LogSoftmax,softmax,float16,all,pass,0.0078125,0.0009671179883945841,not_assessed
1246c1f748521a83900b0d695d9f98d3f0966b40c0b88829c0223891ac3e43f5,LogSoftmax,softmax,float16,disabled,pass,0.0078125,0.0009671179883945841,not_assessed
4173600c58594bfa6efcb39fa2044c04a663b1b857acbb45a5456c1387817f55,LogSoftmax,softmax,float32,all,pass,9.5367431640625e-07,1.1800205063963601e-07,not_assessed
8cbb4a9f6fb31d5ad3b25ce52a8a9afdcf1ee777c7968a5f3205785f6ec98e24,LogSoftmax,softmax,float32,disabled,pass,9.5367431640625e-07,1.1800205063963601e-07,not_assessed
f584383ba0d43d72f2c0a879f205a48da349950b0b0ed72aef2f813ae558a8ed,LogSoftmax,softmax,float64,all,pass,1.7763568394002505e-15,2.2194639168257074e-16,not_assessed
5edab8c2f334084d76b50dc9424a6e5c85b52ea773225d8867263a198a3e612b,LogSoftmax,softmax,float64,disabled,pass,1.7763568394002505e-15,2.2194639168257074e-16,not_assessed
a2e5e24ea89b1c406ad40612c48cccbe7b743e69c9a83cdec5e1e86e8e86767d,LpNormalization,normalization,float16,all,pass,0.0,0.0,not_assessed
fb0915b427af7a0bcae746c92a95cee58628558b1fad6cc0b18c63a16097af32,LpNormalization,normalization,float16,disabled,pass,0.0,0.0,not_assessed
a09a7be67f0c33bc8fceea6d1b37314ffe1367cf513c1a44942fb847d9ed3cd7,LpNormalization,normalization,float32,all,pass,0.0,0.0,not_assessed
936a59a221774367c9a99f3d927fdd4e6c26af7f53b8466925121ef001aa3e4d,LpNormalization,normalization,float32,disabled,pass,0.0,0.0,not_assessed
6fef0e1f02a319af96d57c4fef9e23c7a0a5baf1c8b259f615730c2a719a7d9e,LpNormalization,normalization,float64,all,pass,0.0,0.0,not_assessed
56a0c7754a8eae5ca3eeb1f8660ac62df9c4e7303b6eb6f6ee06cda6d7029ee5,LpNormalization,normalization,float64,disabled,pass,0.0,0.0,not_assessed
cb503617ae51bf832c3bcac5716a533142fb6cf6cee2589479d00e4083eb068c,LpNormalization,normalization,float16,all,divergence,0.2431640625,1.0928359145037028e+307,not_assessed
0e1fbf54b161392316988e49347125f5f044ba07fb143316ff85f1a9a5e31c29,LpNormalization,normalization,float16,disabled,divergence,0.2431640625,1.0928359145037028e+307,not_assessed
52b3a7113b021589a728b4f8a05057f0d70c19d1f9d8147002363ab1cebf0949,LpNormalization,normalization,float32,all,pass,2.9802322387695312e-08,1.228796501960422e-07,not_assessed
d33f8e8477d302564ce38fe58f2d77c5c604885a4c120ba7523ba774b2f7bf4e,LpNormalization,normalization,float32,disabled,pass,2.9802322387695312e-08,1.228796501960422e-07,not_assessed
f350608f2ca1f90649f99cb039806261a5393053f14836c3fafc605817f96650,LpNormalization,normalization,float64,all,pass,5.551115123125783e-17,2.28881114005458e-16,not_assessed
aa8b9862951f56c6a8c748977cf8c15dfd2d1c7f51900c78dc0d9a65fb88db01,LpNormalization,normalization,float64,disabled,pass,5.551115123125783e-17,2.28881114005458e-16,not_assessed
77bc2f72ee2f07c541711d862525d18d3d3684ab634520cc99221afa37d7da97,LpNormalization,normalization,float16,all,pass,0.00048828125,0.0009149130832570906,not_assessed
4eb05314309810552b708dcccbdd3c4f9c968362db86946ef80a39f42c40e515,LpNormalization,normalization,float16,disabled,pass,0.00048828125,0.0009149130832570906,not_assessed
3c0ec02a145a866b236714964deac751f1fc4225ed9aa299803f2df43aff3b1b,LpNormalization,normalization,float32,all,pass,5.960464477539063e-08,1.682164730691314e-07,not_assessed
14293e73647a46c857ca30b3ec17e357ebb7bea730cec7188285712a7d516880,LpNormalization,normalization,float32,disabled,pass,5.960464477539063e-08,1.682164730691314e-07,not_assessed
9ad4a1f81c051105014d03fa38a42240a55c7bd97dea1bece5674e71fd23597d,LpNormalization,normalization,float64,all,pass,1.1102230246251565e-16,3.1327077364602973e-16,not_assessed
2634c2fa94d4ce712e43e2737cca99a665ff443367b7730d462d65b374ddf1d2,LpNormalization,normalization,float64,disabled,pass,1.1102230246251565e-16,3.1327077364602973e-16,not_assessed
9cd278eec7e602790c8866135917bfb9d28ea58a55729ae99ab8480e57e1f768,LpNormalization,normalization,float32,all,pass,5.960464477539063e-08,2.0969862428266034e-07,not_assessed
1f1f09c4f6561320c28e44b4823bb68a0e7ecc70f3e642d568c4291dd42f6849,LpNormalization,normalization,float32,disabled,pass,5.960464477539063e-08,2.0969862428266034e-07,not_assessed
e8628541aa50fdb79646e4cdb26442dd3eb124e9c0f6074d70591d992c5eeb92,LpNormalization,normalization,float32,all,pass,2.9802322387695312e-08,2.3822858938420054e-07,not_assessed
52bd084ceda8f28d952a3820af410ba40487cde6596f5f63b27400c13710349a,LpNormalization,normalization,float32,disabled,pass,2.9802322387695312e-08,2.3822858938420054e-07,not_assessed
232c20ff5f5d8498b485b4e26914dbe71de6f8e1dd10d110662e37aa0e5d4d42,LpNormalization,normalization,float32,all,pass,5.960464477539063e-08,3.270281934275836e-07,not_assessed
abc79f8a1e16bf10e90d49a735ebe2f064426e38497d16e5768c3ba8b43a92e4,LpNormalization,normalization,float32,disabled,pass,5.960464477539063e-08,3.270281934275836e-07,not_assessed
a14a3aae1ab076aa1f49f7ebec147cfb0adc9b55291f7bc1e5c4fd227a9c8481,LpNormalization,normalization,float16,all,divergence,0.23779296875,0.2892287234042553,not_assessed
99e1c8d4161bcbd8c92b279993f76e8609dfcda7200ce80ce0772de1154994e8,LpNormalization,normalization,float16,disabled,divergence,0.23779296875,0.2892287234042553,not_assessed
defdf560b6ffc0d0ab7d9b81d23fe74ddcf5d60ee19cf3bee0fb8e761c8d4c9d,LpNormalization,normalization,float32,all,pass,5.960464477539063e-08,1.258329670545384e-07,not_assessed
90721de81a7b0bd2fb1b5c62da322f9300caab865b35e1e23d977c2844e5ae4d,LpNormalization,normalization,float32,disabled,pass,5.960464477539063e-08,1.258329670545384e-07,not_assessed
02827c31df4a37addf4daed75bb32ba2cd624bf9e82ccec7bb72c30a281a61d3,LpNormalization,normalization,float64,all,pass,1.1102230246251565e-16,4.2558754227539013e-16,not_assessed
264fcaab8046ae0f706ffd3408b5f89348c817718bdd4b48b874c3285611a9f7,LpNormalization,normalization,float64,disabled,pass,1.1102230246251565e-16,4.2558754227539013e-16,not_assessed
c238b065cbadeb6349dc3e6064602f1a756c085405b66ad85f94666ca4637dab,LpNormalization,normalization,float16,all,pass,0.0001220703125,0.000966183574879227,not_assessed
80bcc93531e17837b01b28fb48700743b108b11ff9dd76d28389edcf051e7c0a,LpNormalization,normalization,float16,disabled,pass,0.0001220703125,0.000966183574879227,not_assessed
203686dd1fc8a69a02306ae75e5e8ad0785ee5d224063d0c9b72f780f041d14d,LpNormalization,normalization,float32,all,pass,2.9802322387695312e-08,2.174411740083867e-07,not_assessed
b7be40d0017a1bbe65076d0962071943c25f218c5b2b0c0769cca2d8df09c412,LpNormalization,normalization,float32,disabled,pass,2.9802322387695312e-08,2.174411740083867e-07,not_assessed
d01989c1208896dd31165cc1bead69c548fb33cc18a3ee7bde5cd49fcd1f9b81,LpNormalization,normalization,float64,all,pass,2.7755575615628914e-17,2.2521836847853234e-16,not_assessed
8daf0198200408d9b8320452665510f36f939ed3071e9faa365ef04a95ef93b3,LpNormalization,normalization,float64,disabled,pass,2.7755575615628914e-17,2.2521836847853234e-16,not_assessed
f0e12c610c95888cb8ffc56e6b5013f01df446256f5138471e73c56d612389e7,MSE,metrics,float16,all,pass,0.0,0.0,not_assessed
b41483a9b6a279aedb991b3fd9182a9e729685c8d0291eeb40218629779c9ff1,MSE,metrics,float16,disabled,pass,0.0,0.0,not_assessed
96cbd25622f8b9274f7abd05a899d081dbcc5d689a61fa673f88de9fd271a5f8,MSE,metrics,float32,all,pass,0.0,0.0,not_assessed
9845841c9bdc177d64c4d35610d7d4f3385ff1ca0c07ce458345da999d028490,MSE,metrics,float32,disabled,pass,0.0,0.0,not_assessed
12ef5c26f214e368114cb141a2538d995519993024d3de90684116f76b248baa,MSE,metrics,float64,all,pass,2.710505431213761e-20,1.9249829669792719e-16,not_assessed
b6215deba6d690d710e9f86ed1329a4cf48d2a7e7e5c606e4b3c67d377dedd13,MSE,metrics,float64,disabled,pass,2.710505431213761e-20,1.9249829669792719e-16,not_assessed
0db362c8ff9703b79c3aff33795798862b198b29e623296675618c199ba8e356,MSE,metrics,float16,all,pass,0.0,0.0,not_assessed
781f222c73c7e0ac4b94e960cfa81e57804b0924a4e7e4131d63c6f57970df2e,MSE,metrics,float16,disabled,pass,0.0,0.0,not_assessed
1ad91fb0411d7182534b61787b5eaf2abc208cc02d181ed22ad7844bdebcb2ab,MSE,metrics,float32,all,pass,0.0,0.0,not_assessed
9b0c6e6eebc375af809a0adb6fb459bdae712ef17f0f6806e266db26b5593675,MSE,metrics,float32,disabled,pass,0.0,0.0,not_assessed
ce8e04d8beb06c441c3fb4b2c6720e34c8b0148b9e99ff9c95e9551f220f45fb,MSE,metrics,float64,all,pass,0.0,0.0,not_assessed
da57a3c17d096985d6931bf53305c2e620f7d3f699a8877693f47567759e29a5,MSE,metrics,float64,disabled,pass,0.0,0.0,not_assessed
a3449798dfcf48d753d56c529d8d0147bb1303104c8d0a5cf912d9bd7e44e76d,MSE,metrics,float16,all,pass,1.1920928955078125e-07,0.0006802721088435374,not_assessed
158a9c6744ba5a822379e0ac5c652c5a7df30fbc7cdbc021eacaa6a5379b2316,MSE,metrics,float16,disabled,pass,1.1920928955078125e-07,0.0006802721088435374,not_assessed
9f54f5a489632541edf5f59251aebfd7b318726e931a5311c086773e0d5a4296,MSE,metrics,float32,all,pass,2.1827872842550278e-11,2.2360796217268825e-07,not_assessed
ed98bcc55b6dda394c6139df2ce9999524189db9ea6eadaf67b2ebcc1c171033,MSE,metrics,float32,disabled,pass,2.1827872842550278e-11,2.2360796217268825e-07,not_assessed
b3bf27cd06c457abbf4e8b4e07b1b19d652385e6c4db2c8f2dc8073e1e5107cc,MSE,metrics,float64,all,pass,1.3552527156068805e-20,2.0673208802985512e-16,not_assessed
e40be607d5b4279d51622b117a1ee0c9bde141f4e3ea458f1270d314caedef50,MSE,metrics,float64,disabled,pass,1.3552527156068805e-20,2.0673208802985512e-16,not_assessed
0cda10306ced1b26340c7c5093f80a21630bda5d2c9f2db418697dad2aad0b02,MSE,metrics,float32,all,pass,0.125,1.8730417348661973e-07,not_assessed
06cd5fdd15339eba00f9c4ed1d147778c1d23e6036d36f25c8d8bddd89097cd7,MSE,metrics,float32,disabled,pass,0.125,1.8730417348661973e-07,not_assessed
622879dbc651b1b45cc2ae18c39a8e8a33ef9e7dfdb553799c587f9604aba9c5,MSE,metrics,float32,all,pass,0.00390625,8.310992692393456e-08,not_assessed
40caf7b2157a56d859421470e69103bfcb3ad86e7dea560dec50640378c3679c,MSE,metrics,float32,disabled,pass,0.00390625,8.310992692393456e-08,not_assessed
8f10cf91a456d0d76b0036c8c6a134930adfef0e4a28efbcf2d8d01294892374,MSE,metrics,float32,all,pass,9.5367431640625e-07,1.1696881856931461e-07,not_assessed
a876214571c80b31277cdde7dec2c6034fc063c8c58ea89e32592dddeb8df7e1,MSE,metrics,float32,disabled,pass,9.5367431640625e-07,1.1696881856931461e-07,not_assessed
750df791fa0a68f2a10fc18a342ee8078fcb82842bd33dec9be4cf66ecb5a281,MSE,metrics,float16,all,pass,5.960464477539063e-08,0.000628140703517588,not_assessed
56d8d9cbf3e5ea12450111f25b6fd04b153281490aab5ed55331545c2926424f,MSE,metrics,float16,disabled,pass,5.960464477539063e-08,0.000628140703517588,not_assessed
3d51cebdbfd122d9543b17fb843eb99c193603635826a85a7c1ee7914b1b9d42,MSE,metrics,float32,all,pass,1.4551915228366852e-11,1.1981481183053848e-07,not_assessed
ec695a579913568d29c9753a7be8f9abc2018cd444ace63576cd426545ace5f6,MSE,metrics,float32,disabled,pass,1.4551915228366852e-11,1.1981481183053848e-07,not_assessed
f053621b652cdea39421bdf109de9c79b6bd1e5fea80ef58d24db9ebd278dba9,MSE,metrics,float64,all,pass,2.710505431213761e-20,2.28984388523602e-16,not_assessed
c4b3a1b8cfdb2d55cb9d48e34f4a2abc2f4e23886648fc7ba24907505ba62da0,MSE,metrics,float64,disabled,pass,2.710505431213761e-20,2.28984388523602e-16,not_assessed
391fcc6e63590f4248502a5de51c01d3ddcdbf4da108cff5db66c3916341b002,MSE,metrics,float16,all,pass,5.960464477539063e-08,0.000580046403712297,not_assessed
bfc70730120054eac20d4580510f6c5aa4cacd3321229fc8b120d2a6f85bafd9,MSE,metrics,float16,disabled,pass,5.960464477539063e-08,0.000580046403712297,not_assessed
f51a8206533a983c851e41c2c39fdaf594001ba89658b056844830fef7655267,MSE,metrics,float32,all,pass,0.0,0.0,not_assessed
57ecb95191c159223e9fcd6438b1e7e0f19725531993e199edfa636e69f784f7,MSE,metrics,float32,disabled,pass,0.0,0.0,not_assessed
f1780a9a5be92c6cc71d40c8ddac55b0933edc759097c7decaaf80f232ee4d74,MSE,metrics,float64,all,pass,2.710505431213761e-20,2.803070498294833e-16,not_assessed
68833db4e02175b949231d6cde60432d7267a7683c5769d38653dfe22de5e617,MSE,metrics,float64,disabled,pass,2.710505431213761e-20,2.803070498294833e-16,not_assessed
d61707df367e219f7fc55d4c4333eb4982378e1e357ebdd9de83cea046cb1ee2,MaskedSoftmax,masking,float16,all,pass,0.0,0.0,not_assessed
2a3ae6cf50a7d50fbc49048dca90bb827c349256b19cfad6b96df17fbfe8eaa8,MaskedSoftmax,masking,float16,disabled,pass,0.0,0.0,not_assessed
3fc92c6bc972fb6d19c0c0e692fceab9facac347bdce19b27904aa52eeac8f81,MaskedSoftmax,masking,float32,all,pass,0.0,0.0,not_assessed
a78a0276fe9dc48efb877c331da13569fd47c84146050f561ce46debdcf159ba,MaskedSoftmax,masking,float32,disabled,pass,0.0,0.0,not_assessed
af35107512b3808dc91c38ec1f8e9846c5fe74353fd0fe16aca9dcaa23e8c748,MaskedSoftmax,masking,float64,all,pass,0.0,0.0,not_assessed
810e15ac10af3a486fc4750f554177a9c4226346b7ba8ed45f62335bce2f70ff,MaskedSoftmax,masking,float64,disabled,pass,0.0,0.0,not_assessed
e029c45d60f81a98e03f0c391a184fd03facd3ee20834e8e8eac4a6edcd75e63,MaskedSoftmax,masking,float16,all,pass,6.103515625e-05,0.0009578544061302681,not_assessed
879496276c0c1e2a8602dc42d05335cce944bdff025d43f196e9d0a70e35dc5e,MaskedSoftmax,masking,float16,disabled,pass,6.103515625e-05,0.0009578544061302681,not_assessed
d26c012503fe0c0d39b2073e9a885d2a098bb0785770dfe4b1a1b1a033bafe77,MaskedSoftmax,masking,float32,all,pass,1.4901161193847656e-08,1.5271048123806662e-07,not_assessed
f6041265300f2563bc5a7376d7c6a1e1aa08f3ae44dec9daa844b52e14e878bb,MaskedSoftmax,masking,float32,disabled,pass,1.4901161193847656e-08,1.5271048123806662e-07,not_assessed
85e85eda260f6466845475b432f4f6483f303b09bae1f330cc73efcbfdcb9c5b,MaskedSoftmax,masking,float64,all,pass,6.938893903907228e-18,1.3104398674273416e-16,not_assessed
afaf0c4db10ea8de5087d7e67915767eae52b62c9cd98dffce5cbeddefea0425,MaskedSoftmax,masking,float64,disabled,pass,6.938893903907228e-18,1.3104398674273416e-16,not_assessed
bc81b012772e5ef5bf8267019eace0c9ff4a46e6eba66dd41f3c568298848b6a,MaskedSoftmax,masking,float16,all,pass,0.000244140625,0.0013956734124214933,not_assessed
df6807e762de8c0aa8e286829d98416b0da3c7d8474fb723cb984522edf69a12,MaskedSoftmax,masking,float16,disabled,pass,0.000244140625,0.0013956734124214933,not_assessed
07fbcef46e39ad234de58a5eae350cf99b8b30d54101898cafa13dbf76c30263,MaskedSoftmax,masking,float32,all,pass,2.9802322387695312e-08,1.1635069308944367e-07,not_assessed
ffa56887e404113d639fd4cc0ec9fd2f75fa4bc380fd508bbdfba61bddf9b7a2,MaskedSoftmax,masking,float32,disabled,pass,2.9802322387695312e-08,1.1635069308944367e-07,not_assessed
fd88cdd5b273cd30655203e73ff190693ef009fccd2a0ba36a012ea1e006fb9d,MaskedSoftmax,masking,float64,all,pass,5.551115123125783e-17,3.755439282235581e-16,not_assessed
d70ae1faec2aeb2dc3df46096f16c7525bc281390444c95605681b4aac36c3ca,MaskedSoftmax,masking,float64,disabled,pass,5.551115123125783e-17,3.755439282235581e-16,not_assessed
2f6847726fe38bb33778a6930a74fa269b6af453bc32e80684ee2bc1b17bedde,MaskedSoftmax,masking,float32,all,pass,1.862645149230957e-09,1.1457318167204893e-07,not_assessed
c611933192d77d493d42e8089f8becdd945d66f9c893f0f7b040dafba2cfe369,MaskedSoftmax,masking,float32,disabled,pass,1.862645149230957e-09,1.1457318167204893e-07,not_assessed
1959361dd3dba3de3c5a6b5abe4f702d857648c234f6bd8748b0a08da315b07c,MaskedSoftmax,masking,float32,all,pass,2.9802322387695312e-08,1.6057894490480198e-07,not_assessed
6aea086d027a33d5b1840f820e98a893b9150c41cf5eb934a883415aec7e15f6,MaskedSoftmax,masking,float32,disabled,pass,2.9802322387695312e-08,1.6057894490480198e-07,not_assessed
44c70629b770f37d255c4bfd4fb760c9ef66c224c5c36b00003dd9979b8d8c42,MaskedSoftmax,masking,float32,all,pass,1.1920928955078125e-07,2.1825233352666852e-07,not_assessed
e3bc718b57ecd57e42efc31ec9c32147364d84cebcd9c419efbefab6f073e973,MaskedSoftmax,masking,float32,disabled,pass,1.1920928955078125e-07,2.1825233352666852e-07,not_assessed
70221e6a79fa697cda33cadb6f72e29e599b80ee794b4f698eab871ea0c3d8de,MaskedSoftmax,masking,float32,all,pass,3.725290298461914e-09,1.4639217937843637e-07,not_assessed
d012616e76134ed178f50ac43e7ee297ade94bc35b35d09c8c0e54622cff2f4a,MaskedSoftmax,masking,float32,disabled,pass,3.725290298461914e-09,1.4639217937843637e-07,not_assessed
ff391cea245186cf69fdb5b2145b5df8f01d5a3c2c3f5894cd2c4601f65797f7,MaskedSoftmax,masking,float16,all,pass,0.0001220703125,0.0006105006105006105,not_assessed
e82e4ca8a763adceeca59352dbfa27f39931c87cd3e33cf5ab0756b6217d71b9,MaskedSoftmax,masking,float16,disabled,pass,0.0001220703125,0.0006105006105006105,not_assessed
b8c868b323c15cbaba3e2ecd12088a2a7221e41d5e9675252e303de406b5ae90,MaskedSoftmax,masking,float32,all,pass,0.0,0.0,not_assessed
46c675ead5d5a8fdb26d502bc5f9b0c0c8a44c46a3ef57a8f2b9bc7627331ba3,MaskedSoftmax,masking,float32,disabled,pass,0.0,0.0,not_assessed
549bf76e6f728eb28d9445fc1b90ed981f96b0468b93145554909efd04dd8294,MaskedSoftmax,masking,float64,all,pass,1.3877787807814457e-17,2.359730713956873e-16,not_assessed
4f59fb192a23868c59c3228ac08d1137f5a7ea9bcd0c0db6343a6cf6d822cb83,MaskedSoftmax,masking,float64,disabled,pass,1.3877787807814457e-17,2.359730713956873e-16,not_assessed
f2f73df6429945a0365f02656d0834d3f0278a2983fd94576f351f13f49d2e20,MaskedSoftmax,masking,float16,all,pass,3.0517578125e-05,0.0023237800154918666,not_assessed
f03bb2552b26fcca2c505f12bbd8777e7455a9bbd1a078763fdf3e99d435c0df,MaskedSoftmax,masking,float16,disabled,pass,3.0517578125e-05,0.0023237800154918666,not_assessed
712c8d0fea6a2af13ec668ec100a62ad8412e41ea5150f3c737180e9bdca1b0a,MaskedSoftmax,masking,float32,all,pass,3.725290298461914e-09,2.2896330908764532e-07,not_assessed
ee5cc96ecae9a829bab6cfc20d901b7d7a8606222c722ef3e8ec461b44fb601b,MaskedSoftmax,masking,float32,disabled,pass,3.725290298461914e-09,2.2896330908764532e-07,not_assessed
b6d03c8c0140ea2fb996da08ef74e4073e282c4344ce9c8166c5d10fe3d25a76,MaskedSoftmax,masking,float64,all,pass,1.3877787807814457e-17,5.01781029812777e-16,not_assessed
ec17aef5e3b28e2ce74be72575f57fdfc44e98664d414369bf095b94d094b0ff,MaskedSoftmax,masking,float64,disabled,pass,1.3877787807814457e-17,5.01781029812777e-16,not_assessed
d3d41fc7c7feb7c781db6aada00a180dc36a1b03dd154e7d37f6e4f293703960,Softmax,softmax,float16,all,pass,0.0,0.0,not_assessed
c9f3333792f3d866086769f21e492ceff121607980aafce0e2364dfed833f275,Softmax,softmax,float16,disabled,pass,0.0,0.0,not_assessed
8ae92cd4f14b48aa1be453fea7b6f4d51d10ea6ece2685e40778e58925fbb89c,Softmax,softmax,float32,all,pass,0.0,0.0,not_assessed
50b2c7ea71e63afe0bb471c99b2f71169c5ac35ff6dbc9bddfa0348c5ff3a181,Softmax,softmax,float32,disabled,pass,0.0,0.0,not_assessed
2eec153ed38a70300dd21350e579d6fd15e90c020585d35b97ba81ced7c9d298,Softmax,softmax,float64,all,pass,0.0,0.0,not_assessed
68b8bd2d8697bce7d44da6a55a0917f3553e14e3800a93344b8c0381063e82df,Softmax,softmax,float64,disabled,pass,0.0,0.0,not_assessed
10332f0bfaf701eec9874b928d7fdd305d1a5449c9951f4750b2e71ee8ca0f14,Softmax,softmax,float16,all,pass,3.0517578125e-05,0.0006042296072507553,not_assessed
4386560b60bc72aab16a1886fa53fd72bdb48bf88ae8d1ace71f830d06c87a11,Softmax,softmax,float16,disabled,pass,3.0517578125e-05,0.0006042296072507553,not_assessed
9df8e5c3b60e86e5a7d4069917e8e34e6ef8d14c9e1d8a7347e4743ee8a0eea0,Softmax,softmax,float32,all,pass,7.450580596923828e-09,1.592887565871874e-07,not_assessed
47e8b562cd639ec731dd21dd58ed72d5d5950ace2b430b5a1df23cbc1e40f746,Softmax,softmax,float32,disabled,pass,7.450580596923828e-09,1.592887565871874e-07,not_assessed
db6c4b5a8027fefc9337cec95f8aa9c7ec2c83c3d4d41baf4d30ff9295f7671c,Softmax,softmax,float64,all,pass,2.7755575615628914e-17,4.0721713909443665e-16,not_assessed
83387ced5d1c7ec2241f7816fb9ea04a0d06454398c484222434516d963144c7,Softmax,softmax,float64,disabled,pass,2.7755575615628914e-17,4.0721713909443665e-16,not_assessed
3b37d584c5419014d88c64ec7c307806feece990e62a83667a581e18ce4d2a62,Softmax,softmax,float16,all,pass,0.0001220703125,0.0013253810470510272,not_assessed
89afbda3dd59b443e997a35d07d78576067d6d024339f61cd4481ff3faf25cf2,Softmax,softmax,float16,disabled,pass,0.0001220703125,0.0013253810470510272,not_assessed
3de9d62a96b1608006ff34f585682ba404ec45c32dfa8c1902db6e8a18f06652,Softmax,softmax,float32,all,pass,2.2351741790771484e-08,2.2325754186302168e-07,not_assessed
7d1c947aeef5116525a250d230a173595d24669e96a6a25efd2a945c26650adc,Softmax,softmax,float32,disabled,pass,2.2351741790771484e-08,2.2325754186302168e-07,not_assessed
b732b35a82b7803eff6c81d39ab73407db291eca9e51d4d2f2d99de61a14eea6,Softmax,softmax,float64,all,pass,5.551115123125783e-17,4.1145083158674427e-16,not_assessed
191b2627c04312f94c501189e8c40fa0be8eff12cd50de15d00d4016cc856878,Softmax,softmax,float64,disabled,pass,5.551115123125783e-17,4.1145083158674427e-16,not_assessed
e973672bf3d1da8197da965d4feaf7a665d71034e87b5efc5fe7e6cffc41b766,Softmax,softmax,float32,all,pass,3.725290298461914e-09,2.3328895788539424e-07,not_assessed
ee96f03e70600993f07234183efb370cefcb949f80cc6c5eb0467043a0fe8470,Softmax,softmax,float32,disabled,pass,3.725290298461914e-09,2.3328895788539424e-07,not_assessed
440a01dcee7f116f61c8046e4c32a18234d8c443c12f642e64058b6dc915bf87,Softmax,softmax,float32,all,pass,1.1920928955078125e-07,2.429169860350264e-07,not_assessed
f00b737b37268767915db31727c97c385da032752ced97dd1ea48fb429e5730e,Softmax,softmax,float32,disabled,pass,1.1920928955078125e-07,2.429169860350264e-07,not_assessed
1cb263a03b7a836abd16f33adc0583e8fc0a6df670481dcd44384b78e8f16b00,Softmax,softmax,float32,all,pass,1.1920928955078125e-07,1.0,not_assessed
a802a3f361fa071fd506e6f418d73654d13d429ffe534549d1492ab4ae504677,Softmax,softmax,float32,disabled,pass,1.1920928955078125e-07,1.0,not_assessed
fe7223396ffcd2e8221e1906303d75983e02aa864b50cc2d83eb8c10ed155a57,Softmax,softmax,float32,all,pass,3.2311742677852644e-27,1.0,not_assessed
2be360bfde8f424274467cfb0915723891ca3a439ba7f7b429e89e0fc9485e59,Softmax,softmax,float32,disabled,pass,3.2311742677852644e-27,1.0,not_assessed
2678b0ae50b56a07e133e28225d982607ad56d528fe8c580401bd3affb9e6613,Softmax,softmax,float16,all,pass,3.0517578125e-05,0.0005186721991701245,not_assessed
1934546c3af1b052b5a9ec004d8bb3f1b2effd3bd7954cac1f41a617f2f720c4,Softmax,softmax,float16,disabled,pass,3.0517578125e-05,0.0005186721991701245,not_assessed
fcb35a387a1873b0885a5a09ef4252cc823adba5359f431dda18c5066e0d8296,Softmax,softmax,float32,all,pass,3.725290298461914e-09,6.334205743490385e-08,not_assessed
8ede44a7f8a684a36377f1a6b507e5f7f0d1713b61fd506cfc2089a5c1e55d3a,Softmax,softmax,float32,disabled,pass,3.725290298461914e-09,6.334205743490385e-08,not_assessed
d6497f5a9ae5bd5fb0a147549061516f3d623e3a553f630a36c02e311aadb7ff,Softmax,softmax,float64,all,pass,6.938893903907228e-18,1.1798324955350365e-16,not_assessed
384fcdfdc2ae5a60399e48f93a975aea4fee26e8780d7ab7d96ce32df019fa2d,Softmax,softmax,float64,disabled,pass,6.938893903907228e-18,1.1798324955350365e-16,not_assessed
4d53206d2b86a662b6c33aff96f103ac21f16ff50792b95278ebea94e51fb183,Softmax,softmax,float16,all,pass,1.52587890625e-05,0.0028591851322373124,not_assessed
9f1ce224c55066511701baf87ce544bbb234ff726c37e393d8ce7f03ff48b78e,Softmax,softmax,float16,disabled,pass,1.52587890625e-05,0.0028591851322373124,not_assessed
187eb6d04324fcb61117eaf9a4875103c39b9d902f368a4679bb476a11af84e3,Softmax,softmax,float32,all,pass,7.450580596923828e-09,2.639498833077566e-07,not_assessed
4dc39c6103641903705c7845c59af4f2c7c844254a3b2db902cb1ab587351893,Softmax,softmax,float32,disabled,pass,7.450580596923828e-09,2.639498833077566e-07,not_assessed
305c6f62ee849a426c8ad383098f79495b377a126982efdaa9f758e3b1f2d6e6,Softmax,softmax,float64,all,pass,1.734723475976807e-17,8.633989672721415e-16,not_assessed
0f0a041fdec6097c7c2e4502c960de826805868392e9bdd5c66bda5c4f8da79d,Softmax,softmax,float64,disabled,pass,1.734723475976807e-17,8.633989672721415e-16,not_assessed
